"","model1_ASC","model1_DES","model2_ASC","model2_DES","model3_ASC","model3_DES","model4_ASC","model4_DES"
"d__Bacteria--p__Firmicutes",0.914957714582519,0.718829168449063,0.624334955169326,0.481851724961237,0.972317812084388,0.811922256048908,0.974817410519866,0.750485280044082
"d__Bacteria--p__Firmicutes--c__Clostridia",0.915335264728371,0.753292133584509,0.624334955169326,0.500996866296096,0.94877591409675,0.784475665170305,0.94213480324154,0.739985227664106
"d__Bacteria--p__Firmicutes--c__Clostridia--o__Clostridiales",0.915335264728371,0.753292133584509,0.624334955169326,0.500996866296096,0.94877591409675,0.784475665170305,0.94213480324154,0.739985227664106
"d__Bacteria--p__Firmicutes--c__Clostridia--o__Clostridiales--f__Lachnospiraceae",0.517744850821231,0.585020471994398,0.316768267434684,0.341373242045325,0.761818795098104,0.663026878237942,0.832589932494211,0.565959207486402
"d__Bacteria--p__Bacteroidetes",0.878882403567746,0.783826297779966,0.728491274813583,0.709830661881292,0.94877591409675,0.905090332197864,0.94213480324154,0.859324428080888
"d__Bacteria--p__Bacteroidetes--c__Bacteroidia",0.878882403567746,0.783826297779966,0.728491274813583,0.709830661881292,0.94877591409675,0.905090332197864,0.94213480324154,0.859324428080888
"d__Bacteria--p__Bacteroidetes--c__Bacteroidia--o__Bacteroidales",0.903703808335602,0.785278984724491,0.750726413439856,0.710590800641926,0.94877591409675,0.905090332197864,0.94213480324154,0.859324428080888
"d__Bacteria--p__Bacteroidetes--c__Bacteroidia--o__Bacteroidales--f__Bacteroidaceae",0.993059764925698,0.753292133584509,0.971593788948509,0.82133932173188,0.94877591409675,0.745072747796388,0.967645755779071,0.800751702537584
"d__Bacteria--p__Bacteroidetes--c__Bacteroidia--o__Bacteroidales--f__Bacteroidaceae--g__Bacteroides",0.993059764925698,0.753292133584509,0.971593788948509,0.82133932173188,0.94877591409675,0.745072747796388,0.967645755779071,0.800751702537584
"d__Bacteria--p__Firmicutes--c__Clostridia--o__Clostridiales--f__Lachnospiraceae--__",0.811943319915454,0.841957589057259,0.514548704953511,0.678535646930286,0.927489762121742,0.784475665170305,0.9224676382307,0.739985227664106
"d__Bacteria--p__Firmicutes--c__Clostridia--o__Clostridiales--f__Lachnospiraceae--__--__",0.811943319915454,0.841957589057259,0.514548704953511,0.678535646930286,0.927489762121742,0.784475665170305,0.9224676382307,0.739985227664106
"d__Bacteria--p__Bacteroidetes--c__Bacteroidia--o__Bacteroidales--f__Bacteroidaceae--g__Bacteroides--__",0.942180384632749,0.736047223709348,0.989803132481253,0.778827597714815,0.94877591409675,0.678745012918443,0.94213480324154,0.739985227664106
"d__Bacteria--p__Proteobacteria",0.257502310595756,0.0634424310454148,0.177512978192498,0.0453645112452465,0.369084257794812,0.196297527603193,0.279012383175234,0.210065255489436
"d__Bacteria--p__Proteobacteria--c__Gammaproteobacteria",0.257502310595756,0.0634424310454148,0.177512978192498,0.0453645112452465,0.369084257794812,0.195926951359003,0.279012383175234,0.210065255489436
"d__Bacteria--p__Proteobacteria--c__Gammaproteobacteria--o__Enterobacteriales",0.279404543441817,0.158084276085266,0.177512978192498,0.0812384458312378,0.406800620467254,0.300476638545171,0.297767881711061,0.322099673487227
"d__Bacteria--p__Proteobacteria--c__Gammaproteobacteria--o__Enterobacteriales--f__Enterobacteriaceae",0.279404543441817,0.158084276085266,0.177512978192498,0.0812384458312378,0.406800620467254,0.300476638545171,0.297767881711061,0.322099673487227
"d__Bacteria--p__Firmicutes--c__Clostridia--o__Clostridiales--f__Ruminococcaceae",0.546095055433915,0.736047223709348,0.692804565910114,0.778827597714815,0.749922261816441,0.67294273511203,0.903272733944688,0.749837522462659
"d__Bacteria--p__Proteobacteria--c__Gammaproteobacteria--o__Enterobacteriales--f__Enterobacteriaceae--g__Escherichia-Shigella",0.369216185106357,0.283670942763047,0.242271712762059,0.15618774884496,0.406800620467254,0.375068755977474,0.39522695299267,0.36577871903548
"d__Bacteria--p__Proteobacteria--c__Gammaproteobacteria--o__Enterobacteriales--f__Enterobacteriaceae--g__Escherichia-Shigella--__",0.369216185106357,0.283670942763047,0.242271712762059,0.15618774884496,0.406800620467254,0.375068755977474,0.39522695299267,0.36577871903548
"d__Bacteria--p__Firmicutes--c__Clostridia--o__Clostridiales--f__Ruminococcaceae--g__Faecalibacterium",0.369216185106357,0.352320386562007,0.510302265752177,0.458399149423033,0.406800620467254,0.236315880798362,0.641094183358242,0.406386350016428
"d__Bacteria--p__Firmicutes--c__Clostridia--o__Clostridiales--f__Ruminococcaceae--g__Faecalibacterium--__",0.369216185106357,0.352320386562007,0.510302265752177,0.458399149423033,0.406800620467254,0.236315880798362,0.641094183358242,0.406386350016428
"d__Bacteria--p__Firmicutes--c__Negativicutes",0.942180384632749,0.841957589057259,0.969007959568816,0.820468413355453,0.94877591409675,0.773259441270615,0.903272733944688,0.739985227664106
"d__Bacteria--p__Firmicutes--c__Negativicutes--o__Selenomonadales",0.942180384632749,0.841957589057259,0.969007959568816,0.820468413355453,0.94877591409675,0.773259441270615,0.903272733944688,0.739985227664106
"d__Bacteria--p__Actinobacteria",0.361075055298805,0.0677588735598754,0.305749794542836,0.0607136647546814,0.459009988746804,0.196297527603193,0.664332685248519,0.301172609356797
"d__Bacteria--p__Firmicutes--c__Negativicutes--o__Selenomonadales--f__Veillonellaceae",0.993059764925698,0.997366043928627,0.981952969638911,0.888893540241299,0.94877591409675,0.693122066614431,0.886108214613279,0.677157784886589
"d__Bacteria--p__Bacteroidetes--c__Bacteroidia--o__Bacteroidales--f__Prevotellaceae",0.354665645861496,0.116232396219479,0.358844977182231,0.138749510080376,0.406800620467254,0.195926951359003,0.614673180797376,0.31363588700806
"d__Bacteria--p__Actinobacteria--c__Coriobacteriia",0.257502310595756,0.0591924063830413,0.197883748843505,0.0453645112452465,0.406800620467254,0.114513981036324,0.435053182171374,0.210065255489436
"d__Bacteria--p__Actinobacteria--c__Coriobacteriia--o__Coriobacteriales",0.257502310595756,0.0591924063830413,0.197883748843505,0.0453645112452465,0.406800620467254,0.114513981036324,0.435053182171374,0.210065255489436
"d__Bacteria--p__Firmicutes--c__Clostridia--o__Clostridiales--f__Lachnospiraceae--g__Blautia",0.400299362333696,0.190975123219374,0.335535300313883,0.0987511498889662,0.900357450465493,0.480345443726767,0.903272733944688,0.556082752184183
"d__Bacteria--p__Firmicutes--c__Clostridia--o__Clostridiales--f__Lachnospiraceae--g__Blautia--__",0.400299362333696,0.190975123219374,0.335535300313883,0.0987511498889662,0.900357450465493,0.480345443726767,0.903272733944688,0.556082752184183
"d__Bacteria--p__Firmicutes--c__Bacilli",0.517744850821231,0.608373815714283,0.575955794038391,0.559511791769075,0.654128269696307,0.721807960463152,0.715606968031754,0.734701154064571
"d__Bacteria--p__Firmicutes--c__Erysipelotrichia",0.517744850821231,0.287316709231371,0.595218021084561,0.341373242045325,0.94877591409675,0.663026878237942,0.917647270504764,0.609038399641483
"d__Bacteria--p__Firmicutes--c__Erysipelotrichia--o__Erysipelotrichales",0.517744850821231,0.287316709231371,0.595218021084561,0.341373242045325,0.94877591409675,0.663026878237942,0.917647270504764,0.609038399641483
"d__Bacteria--p__Firmicutes--c__Erysipelotrichia--o__Erysipelotrichales--f__Erysipelotrichaceae",0.517744850821231,0.287316709231371,0.595218021084561,0.341373242045325,0.94877591409675,0.663026878237942,0.917647270504764,0.609038399641483
"d__Bacteria--p__Actinobacteria--c__Coriobacteriia--o__Coriobacteriales--f__Coriobacteriaceae",0.279404543441817,0.0634424310454148,0.242271712762059,0.0453645112452465,0.406800620467254,0.164278517807981,0.536604665485781,0.210065255489436
"d__Bacteria--p__Actinobacteria--c__Coriobacteriia--o__Coriobacteriales--f__Coriobacteriaceae--g__Collinsella",0.279404543441817,0.0634424310454148,0.242271712762059,0.0453645112452465,0.406800620467254,0.164278517807981,0.536604665485781,0.210065255489436
"d__Bacteria--p__Actinobacteria--c__Coriobacteriia--o__Coriobacteriales--f__Coriobacteriaceae--g__Collinsella--__",0.279404543441817,0.0634424310454148,0.242271712762059,0.0453645112452465,0.406800620467254,0.164278517807981,0.536604665485781,0.210065255489436
"d__Bacteria--p__Firmicutes--c__Bacilli--o__Lactobacillales",0.517744850821231,0.0634424310454148,0.564679734125134,0.0812384458312378,0.631608059518578,0.114513981036324,0.64705253763068,0.210065255489436
"d__Bacteria--p__Proteobacteria--c__Gammaproteobacteria--o__Betaproteobacteriales",0.257502310595756,0.00875344203362374,0.177512978192498,0.0171918323235334,0.263416336792932,0.0151232934744305,0.234621182955629,0.0113302050940057
"d__Bacteria--p__Proteobacteria--c__Gammaproteobacteria--o__Betaproteobacteriales--f__Burkholderiaceae",0.257502310595756,0.024044389609782,0.197883748843505,0.0372117795704062,0.263416336792932,0.0357006548936641,0.234621182955629,0.0269466215658607
"d__Bacteria--p__Proteobacteria--c__Gammaproteobacteria--o__Enterobacteriales--f__Enterobacteriaceae--__",0.493546741702082,0.518367536106624,0.514548704953511,0.492358125838216,0.927489762121742,0.745072747796388,0.837768464465458,0.739985227664106
"d__Bacteria--p__Proteobacteria--c__Gammaproteobacteria--o__Enterobacteriales--f__Enterobacteriaceae--__--__",0.493546741702082,0.518367536106624,0.514548704953511,0.492358125838216,0.927489762121742,0.745072747796388,0.837768464465458,0.739985227664106
"d__Bacteria--p__Firmicutes--c__Clostridia--o__Clostridiales--f__Lachnospiraceae--g__Ruminococcus_gnavus_group",0.993059764925698,0.929999100767654,0.997016293659734,0.82133932173188,0.94877591409675,0.941038520052736,0.94213480324154,0.978997713270064
"d__Bacteria--p__Firmicutes--c__Clostridia--o__Clostridiales--f__Lachnospiraceae--g__Ruminococcus_gnavus_group--__",0.993059764925698,0.929999100767654,0.997016293659734,0.82133932173188,0.94877591409675,0.941038520052736,0.94213480324154,0.978997713270064
"d__Bacteria--p__Bacteroidetes--c__Bacteroidia--o__Bacteroidales--f__Tannerellaceae",0.859973054413077,0.753292133584509,0.76784966955755,0.717120144988501,0.982120528283545,0.941038520052736,0.974817410519866,0.978997713270064
"d__Bacteria--p__Bacteroidetes--c__Bacteroidia--o__Bacteroidales--f__Tannerellaceae--g__Parabacteroides",0.878882403567746,0.773984728843074,0.825488856017732,0.778827597714815,0.982120528283545,0.965982511566446,0.974817410519866,0.968136933466125
"d__Bacteria--p__Bacteroidetes--c__Bacteroidia--o__Bacteroidales--f__Prevotellaceae--g__Prevotella_9",0.400299362333696,0.267995841253545,0.429616853237597,0.172915559324322,0.555364084675072,0.236315880798362,0.691676710879827,0.352335118566665
"d__Bacteria--p__Bacteroidetes--c__Bacteroidia--o__Bacteroidales--f__Prevotellaceae--g__Prevotella_9--__",0.400299362333696,0.277930310565371,0.429616853237597,0.176384810648123,0.555364084675072,0.236315880798362,0.691676710879827,0.352335118566665
"d__Bacteria--p__Fusobacteria",0.349624897544019,0.287316709231371,0.316768267434684,0.283308048069396,0.406800620467254,0.435280454436762,0.614673180797376,0.513667533556772
"d__Bacteria--p__Fusobacteria--c__Fusobacteriia",0.349624897544019,0.287316709231371,0.316768267434684,0.283308048069396,0.406800620467254,0.435280454436762,0.614673180797376,0.513667533556772
"d__Bacteria--p__Fusobacteria--c__Fusobacteriia--o__Fusobacteriales",0.349624897544019,0.287316709231371,0.316768267434684,0.283308048069396,0.406800620467254,0.435280454436762,0.614673180797376,0.513667533556772
"d__Bacteria--p__Fusobacteria--c__Fusobacteriia--o__Fusobacteriales--f__Fusobacteriaceae",0.349624897544019,0.287316709231371,0.316768267434684,0.283308048069396,0.406800620467254,0.435280454436762,0.614673180797376,0.513667533556772
"d__Bacteria--p__Fusobacteria--c__Fusobacteriia--o__Fusobacteriales--f__Fusobacteriaceae--g__Fusobacterium",0.349624897544019,0.287316709231371,0.316768267434684,0.283308048069396,0.406800620467254,0.435280454436762,0.614673180797376,0.513667533556772
"d__Bacteria--p__Actinobacteria--c__Actinobacteria",0.878882403567746,0.753292133584509,0.748155557939657,0.773183755411928,0.94877591409675,0.663026878237942,0.94213480324154,0.636181290822097
"d__Bacteria--p__Firmicutes--c__Bacilli--o__Lactobacillales--f__Streptococcaceae",0.535344875328618,0.0634424310454148,0.624334955169326,0.0812384458312378,0.654128269696307,0.114513981036324,0.691676710879827,0.210065255489436
"d__Bacteria--p__Firmicutes--c__Bacilli--o__Lactobacillales--f__Streptococcaceae--g__Streptococcus",0.535344875328618,0.0634424310454148,0.624334955169326,0.0812384458312378,0.654128269696307,0.114513981036324,0.691676710879827,0.210065255489436
"d__Bacteria--p__Firmicutes--c__Bacilli--o__Lactobacillales--f__Streptococcaceae--g__Streptococcus--__",0.535344875328618,0.0634424310454148,0.624334955169326,0.0812384458312378,0.654128269696307,0.114513981036324,0.691676710879827,0.210065255489436
"d__Bacteria--p__Firmicutes--c__Clostridia--o__Clostridiales--f__Clostridiaceae_1",0.859973054413077,0.755807993199511,0.915954318248487,0.778827597714815,0.981303178787663,0.941038520052736,0.961523212884376,0.78029678234103
"d__Bacteria--p__Firmicutes--c__Negativicutes--o__Selenomonadales--f__Acidaminococcaceae",0.915335264728371,0.608373815714283,0.825488856017732,0.458399149423033,0.968084954061556,0.784475665170305,0.977500347123259,0.750485280044082
"d__Bacteria--p__Firmicutes--c__Negativicutes--o__Selenomonadales--f__Veillonellaceae--g__Megasphaera",0.993059764925698,0.753292133584509,0.948574476450962,0.82133932173188,0.927489762121742,0.891651419072784,0.864885422506212,0.867366666071396
"d__Bacteria--p__Firmicutes--c__Negativicutes--o__Selenomonadales--f__Veillonellaceae--g__Veillonella",0.993059764925698,0.435628407874986,0.948574476450962,0.500719298857681,0.94877591409675,0.663026878237942,0.974817410519866,0.609038399641483
"d__Bacteria--p__Firmicutes--c__Clostridia--o__Clostridiales--f__Ruminococcaceae--g__Subdoligranulum",0.942180384632749,0.673862702872084,0.916503932531163,0.583925429640773,0.982120528283545,0.784475665170305,0.967645755779071,0.859324428080888
"d__Bacteria--p__Firmicutes--c__Clostridia--o__Clostridiales--f__Ruminococcaceae--g__Subdoligranulum--__",0.942180384632749,0.677672048851171,0.916503932531163,0.583925429640773,0.982120528283545,0.784475665170305,0.967645755779071,0.864616316535731
"d__Bacteria--p__Firmicutes--c__Clostridia--o__Clostridiales--f__Lachnospiraceae--g__Roseburia",0.903703808335602,0.736047223709348,0.916503932531163,0.777927100784802,0.94877591409675,0.745072747796388,0.9224676382307,0.739985227664106
"d__Bacteria--p__Firmicutes--c__Clostridia--o__Clostridiales--f__Lachnospiraceae--g__Roseburia--__",0.903703808335602,0.736047223709348,0.916503932531163,0.777927100784802,0.94877591409675,0.745072747796388,0.9224676382307,0.739985227664106
"d__Bacteria--p__Firmicutes--c__Negativicutes--o__Selenomonadales--f__Veillonellaceae--g__Veillonella--__",0.993059764925698,0.423645592726945,0.948574476450962,0.49536688124211,0.94877591409675,0.663026878237942,0.974817410519866,0.587600541010004
"d__Bacteria--p__Fusobacteria--c__Fusobacteriia--o__Fusobacteriales--f__Fusobacteriaceae--g__Fusobacterium--__",0.279404543441817,0.287316709231371,0.299729309596923,0.329752815509122,0.406800620467254,0.482586920638507,0.536604665485781,0.51993789835443
"d__Bacteria--p__Firmicutes--c__Erysipelotrichia--o__Erysipelotrichales--f__Erysipelotrichaceae--g__Erysipelatoclostridium",0.814644892238888,0.542608095750543,0.819865763560113,0.555298502718644,0.94877591409675,0.663026878237942,0.903272733944688,0.563991477765844
"d__Bacteria--p__Proteobacteria--c__Gammaproteobacteria--o__Betaproteobacteriales--f__Burkholderiaceae--g__Sutterella",0.349624897544019,0.0634424310454148,0.305749794542836,0.0453645112452465,0.369084257794812,0.0789854355910256,0.379900165647128,0.1707957406022
"d__Bacteria--p__Firmicutes--c__Erysipelotrichia--o__Erysipelotrichales--f__Erysipelotrichaceae--g__Erysipelatoclostridium--__",0.814644892238888,0.542608095750543,0.835158173237447,0.551716405865343,0.94877591409675,0.663026878237942,0.904129916278302,0.563991477765844
"d__Bacteria--p__Firmicutes--c__Clostridia--o__Clostridiales--f__Peptostreptococcaceae",0.517744850821231,0.542608095750543,0.552267014527971,0.642636984963601,0.812328052741874,0.693122066614431,0.837768464465458,0.692104516817238
"d__Bacteria--p__Proteobacteria--c__Gammaproteobacteria--o__Betaproteobacteriales--f__Burkholderiaceae--g__Sutterella--__",0.279404543441817,0.0576764245089636,0.242271712762059,0.0453645112452465,0.328567959086473,0.0663020054513577,0.279012383175234,0.14717257933749
"d__Bacteria--p__Firmicutes--c__Clostridia--o__Clostridiales--f__Lachnospiraceae--g__Ruminococcus_torques_group",0.993059764925698,0.736047223709348,0.981952969638911,0.777927100784802,0.94877591409675,0.952978847390067,0.974817410519866,0.871803055189468
"d__Bacteria--p__Firmicutes--c__Clostridia--o__Clostridiales--f__Lachnospiraceae--g__Ruminococcus_torques_group--__",0.993059764925698,0.736047223709348,0.981952969638911,0.777927100784802,0.94877591409675,0.952978847390067,0.974817410519866,0.871803055189468
"d__Bacteria--p__Proteobacteria--c__Gammaproteobacteria--o__Pasteurellales",0.708218041286855,0.0634424310454148,0.63716294774646,0.0812384458312378,0.927489762121742,0.195926951359003,0.94213480324154,0.326880985282157
"d__Bacteria--p__Proteobacteria--c__Gammaproteobacteria--o__Pasteurellales--f__Pasteurellaceae",0.708218041286855,0.0634424310454148,0.63716294774646,0.0812384458312378,0.927489762121742,0.195926951359003,0.94213480324154,0.326880985282157
"d__Bacteria--p__Firmicutes--c__Negativicutes--o__Selenomonadales--f__Veillonellaceae--g__Megasphaera--s__uncultured_organism",0.913394274811025,0.735016063280857,0.969007959568816,0.778827597714815,0.94877591409675,0.964864622335289,0.94213480324154,0.958318744689668
"d__Bacteria--p__Bacteroidetes--c__Bacteroidia--o__Bacteroidales--f__Tannerellaceae--g__Parabacteroides--__",0.690836932612636,0.753292133584509,0.63716294774646,0.698921851691543,0.94877591409675,0.870055866463552,0.967645755779071,0.898417001000881
"d__Bacteria--p__Verrucomicrobia",0.993059764925698,0.929999100767654,0.943128652896191,0.778827597714815,0.94877591409675,0.888950382791546,0.967645755779071,0.898417001000881
"d__Bacteria--p__Verrucomicrobia--c__Verrucomicrobiae",0.993059764925698,0.929999100767654,0.943128652896191,0.778827597714815,0.94877591409675,0.888950382791546,0.967645755779071,0.898417001000881
"d__Bacteria--p__Verrucomicrobia--c__Verrucomicrobiae--o__Verrucomicrobiales",0.993059764925698,0.929999100767654,0.943128652896191,0.778827597714815,0.94877591409675,0.888950382791546,0.967645755779071,0.898417001000881
"d__Bacteria--p__Verrucomicrobia--c__Verrucomicrobiae--o__Verrucomicrobiales--f__Akkermansiaceae",0.993059764925698,0.929999100767654,0.943128652896191,0.778827597714815,0.94877591409675,0.888950382791546,0.967645755779071,0.898417001000881
"d__Bacteria--p__Verrucomicrobia--c__Verrucomicrobiae--o__Verrucomicrobiales--f__Akkermansiaceae--g__Akkermansia",0.993059764925698,0.929999100767654,0.943128652896191,0.778827597714815,0.94877591409675,0.888950382791546,0.967645755779071,0.898417001000881
"d__Bacteria--p__Bacteroidetes--c__Bacteroidia--o__Bacteroidales--f__Rikenellaceae",0.859973054413077,0.773984728843074,0.916503932531163,0.656529386387363,0.94877591409675,0.784475665170305,0.974817410519866,0.617526472978341
"d__Bacteria--p__Firmicutes--c__Negativicutes--o__Selenomonadales--f__Acidaminococcaceae--g__Phascolarctobacterium",0.859973054413077,0.549850022923722,0.728491274813583,0.444315104560994,0.94877591409675,0.663026878237942,0.903272733944688,0.609038399641483
"d__Bacteria--p__Bacteroidetes--c__Bacteroidia--o__Bacteroidales--f__Rikenellaceae--g__Alistipes",0.917245860079151,0.718829168449063,0.971593788948509,0.49536688124211,0.94877591409675,0.693122066614431,0.974817410519866,0.550519353941168
"d__Bacteria--p__Bacteroidetes--c__Bacteroidia--o__Bacteroidales--f__Rikenellaceae--g__Alistipes--__",0.917245860079151,0.719903035081142,0.971593788948509,0.498089906712978,0.94877591409675,0.706277737304915,0.974817410519866,0.556082752184183
"d__Bacteria--p__Proteobacteria--c__Gammaproteobacteria--o__Xanthomonadales",0.984265940042685,0.283670942763047,0.916503932531163,0.283308048069396,0.982120528283545,0.444431473756199,0.939487034427857,0.550519353941168
"d__Bacteria--p__Firmicutes--c__Clostridia--o__Clostridiales--f__Peptostreptococcaceae--__",0.535344875328618,0.608373815714283,0.552267014527971,0.659715786546456,0.927489762121742,0.745072747796388,0.9224676382307,0.739985227664106
"d__Bacteria--p__Firmicutes--c__Clostridia--o__Clostridiales--f__Peptostreptococcaceae--__--__",0.535344875328618,0.608373815714283,0.552267014527971,0.659715786546456,0.927489762121742,0.745072747796388,0.9224676382307,0.739985227664106
"d__Bacteria--p__Proteobacteria--c__Gammaproteobacteria--o__Pasteurellales--f__Pasteurellaceae--g__Haemophilus",0.789956766372311,0.0576764245089636,0.692804565910114,0.0453645112452465,0.927489762121742,0.114513981036324,0.94213480324154,0.232202978617621
"d__Bacteria--p__Proteobacteria--c__Gammaproteobacteria--o__Pasteurellales--f__Pasteurellaceae--g__Haemophilus--__",0.789956766372311,0.0576764245089636,0.692804565910114,0.0453645112452465,0.927489762121742,0.114513981036324,0.94213480324154,0.232202978617621
"d__Bacteria--p__Proteobacteria--c__Gammaproteobacteria--o__Xanthomonadales--f__Rhodanobacteraceae",0.942180384632749,0.283670942763047,0.914145098599753,0.283308048069396,0.982120528283545,0.480345443726767,0.94213480324154,0.558452359140164
"d__Bacteria--p__Proteobacteria--c__Gammaproteobacteria--o__Xanthomonadales--f__Rhodanobacteraceae--__",0.942180384632749,0.267995841253545,0.914145098599753,0.283308048069396,0.982120528283545,0.435280454436762,0.94213480324154,0.513667533556772
"d__Bacteria--p__Proteobacteria--c__Gammaproteobacteria--o__Xanthomonadales--f__Rhodanobacteraceae--__--__",0.942180384632749,0.267995841253545,0.914145098599753,0.283308048069396,0.982120528283545,0.435280454436762,0.94213480324154,0.513667533556772
"d__Bacteria--p__Proteobacteria--c__Gammaproteobacteria--__",0.915335264728371,0.753292133584509,0.874594955524981,0.656529386387363,0.94877591409675,0.663026878237942,0.94213480324154,0.693058360541337
"d__Bacteria--p__Proteobacteria--c__Gammaproteobacteria--__--__",0.915335264728371,0.753292133584509,0.874594955524981,0.656529386387363,0.94877591409675,0.663026878237942,0.94213480324154,0.693058360541337
"d__Bacteria--p__Proteobacteria--c__Gammaproteobacteria--__--__--__",0.915335264728371,0.753292133584509,0.874594955524981,0.656529386387363,0.94877591409675,0.663026878237942,0.94213480324154,0.693058360541337
"d__Bacteria--p__Proteobacteria--c__Gammaproteobacteria--__--__--__--__",0.915335264728371,0.753292133584509,0.874594955524981,0.656529386387363,0.94877591409675,0.663026878237942,0.94213480324154,0.693058360541337
"d__Bacteria--p__Firmicutes--c__Clostridia--o__Clostridiales--f__Lachnospiraceae--g__Lachnoclostridium",0.814644892238888,0.585020471994398,0.618346440591909,0.456552736098608,0.804755791421785,0.547955030554368,0.832589932494211,0.51993789835443
"d__Bacteria--p__Firmicutes--c__Clostridia--o__Clostridiales--f__Lachnospiraceae--g__Lachnoclostridium--__",0.814644892238888,0.585020471994398,0.618346440591909,0.456552736098608,0.804755791421785,0.547955030554368,0.832589932494211,0.51993789835443
"d__Bacteria--p__Proteobacteria--c__Deltaproteobacteria",0.917245860079151,0.726826979356506,0.943128652896191,0.656529386387363,0.982120528283545,0.678745012918443,0.974817410519866,0.708917507976935
"d__Bacteria--p__Firmicutes--c__Clostridia--o__Clostridiales--f__Clostridiaceae_1--g__Clostridium_sensu_stricto_1",0.517744850821231,0.34202550697776,0.524109770601009,0.341373242045325,0.94877591409675,0.663026878237942,0.837768464465458,0.516422095569753
"d__Bacteria--p__Firmicutes--c__Clostridia--o__Clostridiales--f__Clostridiaceae_1--g__Clostridium_sensu_stricto_1--__",0.517744850821231,0.34202550697776,0.524109770601009,0.341373242045325,0.94877591409675,0.663026878237942,0.837768464465458,0.516422095569753
"d__Bacteria--p__Proteobacteria--c__Deltaproteobacteria--o__Desulfovibrionales",0.921405310748665,0.718829168449063,0.948574476450962,0.656387486420542,0.982521578450382,0.678745012918443,0.974817410519866,0.692104516817238
"d__Bacteria--p__Proteobacteria--c__Deltaproteobacteria--o__Desulfovibrionales--f__Desulfovibrionaceae",0.921405310748665,0.718829168449063,0.948574476450962,0.656387486420542,0.982521578450382,0.678745012918443,0.974817410519866,0.692104516817238
"d__Bacteria--p__Actinobacteria--c__Actinobacteria--o__Bifidobacteriales",0.558868494282357,0.903678438589938,0.514548704953511,0.82133932173188,0.654128269696307,0.965982511566446,0.837768464465458,0.877879091730843
"d__Bacteria--p__Actinobacteria--c__Actinobacteria--o__Bifidobacteriales--f__Bifidobacteriaceae",0.558868494282357,0.903678438589938,0.514548704953511,0.82133932173188,0.654128269696307,0.965982511566446,0.837768464465458,0.877879091730843
"d__Bacteria--p__Actinobacteria--c__Actinobacteria--o__Bifidobacteriales--f__Bifidobacteriaceae--g__Bifidobacterium",0.558868494282357,0.903678438589938,0.514548704953511,0.82133932173188,0.654128269696307,0.965982511566446,0.837768464465458,0.877879091730843
"d__Bacteria--p__Actinobacteria--c__Actinobacteria--o__Bifidobacteriales--f__Bifidobacteriaceae--g__Bifidobacterium--__",0.58679056583653,0.903678438589938,0.524634760798373,0.830172869144499,0.654128269696307,0.983725251039986,0.837768464465458,0.883480634351327
"d__Bacteria--p__Firmicutes--c__Bacilli--o__Lactobacillales--f__Enterococcaceae",0.517744850821231,0.384836078045007,0.524109770601009,0.409597173807142,0.927489762121742,0.663026878237942,0.832589932494211,0.51993789835443
"d__Bacteria--p__Firmicutes--c__Bacilli--o__Lactobacillales--f__Enterococcaceae--g__Enterococcus",0.517744850821231,0.384836078045007,0.514548704953511,0.409597173807142,0.900357450465493,0.663026878237942,0.832589932494211,0.51993789835443
"d__Bacteria--p__Firmicutes--c__Bacilli--o__Lactobacillales--f__Enterococcaceae--g__Enterococcus--__",0.517744850821231,0.384836078045007,0.514548704953511,0.409597173807142,0.900357450465493,0.663026878237942,0.832589932494211,0.51993789835443
"d__Bacteria--p__Firmicutes--c__Negativicutes--o__Selenomonadales--f__Acidaminococcaceae--g__Phascolarctobacterium--s__Ruminococcus_sp._N15.MGS-57",0.903703808335602,0.899270206591984,0.874594955524981,0.925014484799571,0.94877591409675,0.880606201213199,0.94213480324154,0.877879091730843
"d__Bacteria--p__Firmicutes--c__Clostridia--o__Clostridiales--f__Clostridiaceae_1--__",0.878882403567746,0.728917019895747,0.692804565910114,0.583925429640773,0.927489762121742,0.678099873255141,0.917647270504764,0.708917507976935
"d__Bacteria--p__Firmicutes--c__Clostridia--o__Clostridiales--f__Clostridiaceae_1--__--__",0.878882403567746,0.728917019895747,0.692804565910114,0.583925429640773,0.927489762121742,0.678099873255141,0.917647270504764,0.708917507976935
"d__Bacteria--p__Firmicutes--c__Clostridia--o__Clostridiales--f__Lachnospiraceae--g__Eubacterium_hallii_group",0.859262632949134,0.292944298837545,0.595218021084561,0.15618774884496,0.94877591409675,0.408438367278415,0.94213480324154,0.516422095569753
"d__Bacteria--p__Firmicutes--c__Clostridia--o__Clostridiales--f__Lachnospiraceae--g__Eubacterium_hallii_group--__",0.859262632949134,0.292944298837545,0.595218021084561,0.15618774884496,0.94877591409675,0.408438367278415,0.94213480324154,0.516422095569753
"d__Bacteria--p__Verrucomicrobia--c__Verrucomicrobiae--o__Verrucomicrobiales--f__Akkermansiaceae--g__Akkermansia--__",0.903703808335602,0.609551652627018,0.728491274813583,0.456552736098608,0.94877591409675,0.663026878237942,0.94213480324154,0.631013447443087
"d__Bacteria--p__Firmicutes--c__Clostridia--o__Clostridiales--f__Lachnospiraceae--g__Tyzzerella",0.993059764925698,0.841957589057259,0.916503932531163,0.778827597714815,0.94877591409675,0.784475665170305,0.903272733944688,0.739985227664106
"d__Bacteria--p__Firmicutes--c__Clostridia--o__Clostridiales--f__Lachnospiraceae--g__Tyzzerella--__",0.993059764925698,0.841957589057259,0.916503932531163,0.778827597714815,0.94877591409675,0.784475665170305,0.903272733944688,0.739985227664106
"d__Bacteria--p__Firmicutes--c__Erysipelotrichia--o__Erysipelotrichales--f__Erysipelotrichaceae--g__Erysipelotrichaceae_UCG-003",0.993059764925698,0.773984728843074,0.969007959568816,0.778827597714815,0.94877591409675,0.98877063331828,0.94213480324154,0.909000650055035
"d__Bacteria--p__Firmicutes--c__Clostridia--o__Clostridiales--f__Lachnospiraceae--g__Anaerostipes",0.558868494282357,0.667134050289177,0.510302265752177,0.492358125838216,0.900357450465493,0.784475665170305,0.917647270504764,0.792202131727337
"d__Bacteria--p__Firmicutes--c__Clostridia--o__Clostridiales--f__Lachnospiraceae--g__Anaerostipes--__",0.558868494282357,0.667134050289177,0.510302265752177,0.492358125838216,0.900357450465493,0.784475665170305,0.917647270504764,0.792202131727337
"d__Bacteria--p__Firmicutes--c__Erysipelotrichia--o__Erysipelotrichales--f__Erysipelotrichaceae--g__Erysipelotrichaceae_UCG-003--__",0.993059764925698,0.773984728843074,0.971593788948509,0.778827597714815,0.94877591409675,0.988568640363634,0.94213480324154,0.907166439875029
"d__Bacteria--p__Bacteroidetes--c__Bacteroidia--o__Bacteroidales--f__Tannerellaceae--g__Parabacteroides--s__Parabacteroides_merdae",0.993059764925698,0.835953372220621,0.98187369357347,0.778827597714815,0.94877591409675,0.982898660337453,0.969354201091453,0.995452655496735
"d__Bacteria--p__Firmicutes--c__Negativicutes--o__Selenomonadales--f__Veillonellaceae--g__Dialister",0.993059764925698,0.760796314278448,0.989803132481253,0.767794447617285,0.94877591409675,0.965982511566446,0.94213480324154,0.898417001000881
"d__Bacteria--p__Bacteroidetes--c__Bacteroidia--o__Bacteroidales--f__Bacteroidaceae--g__Bacteroides--s__Bacteroides_massiliensis_B84634_=_Timone_84634_=_DSM_17679_=_JCM_13223",0.517744850821231,0.369259979987102,0.510302265752177,0.341373242045325,0.42378410503866,0.236315880798362,0.536604665485781,0.307632251618843
"d__Bacteria--p__Firmicutes--c__Clostridia--o__Clostridiales--f__Ruminococcaceae--__",0.993059764925698,0.773984728843074,0.948574476450962,0.797511729834244,0.94877591409675,0.964864622335289,0.837768464465458,0.692104516817238
"d__Bacteria--p__Firmicutes--c__Clostridia--o__Clostridiales--f__Ruminococcaceae--__--__",0.993059764925698,0.773984728843074,0.948574476450962,0.797511729834244,0.94877591409675,0.964864622335289,0.837768464465458,0.692104516817238
"d__Bacteria--p__Firmicutes--c__Negativicutes--o__Selenomonadales--f__Veillonellaceae--g__Dialister--__",0.955469835996735,0.879965860049204,0.948574476450962,0.809757632936375,0.94877591409675,0.819107485377177,0.903272733944688,0.792202131727337
"d__Bacteria--p__Bacteroidetes--c__Bacteroidia--o__Bacteroidales--f__Prevotellaceae--g__Alloprevotella",0.481050817104437,0.292944298837545,0.595218021084561,0.481851724961237,0.654128269696307,0.435280454436762,0.744561135254674,0.507392826663038
"d__Bacteria--p__Firmicutes--c__Clostridia--o__Clostridiales--f__Ruminococcaceae--g__Ruminiclostridium_5",0.655095210882267,0.283670942763047,0.595218021084561,0.283308048069396,0.830373891670765,0.195926951359003,0.806232106983391,0.1707957406022
"d__Bacteria--p__Actinobacteria--c__Coriobacteriia--o__Coriobacteriales--f__Eggerthellaceae",0.517744850821231,0.432264854621297,0.533048642659642,0.456552736098608,0.654128269696307,0.362703163880816,0.806232106983391,0.34882514980914
"d__Bacteria--p__Firmicutes--c__Bacilli--o__Bacillales",0.917245860079151,0.753292133584509,0.916503932531163,0.777927100784802,0.962626123330773,0.663026878237942,0.929863525365955,0.739985227664106
"d__Bacteria--p__Firmicutes--c__Clostridia--o__Clostridiales--f__Lachnospiraceae--g__Dorea",0.859973054413077,0.736047223709348,0.692804565910114,0.659715786546456,0.94877591409675,0.693122066614431,0.94213480324154,0.739985227664106
"d__Bacteria--p__Firmicutes--c__Clostridia--o__Clostridiales--f__Lachnospiraceae--g__Dorea--__",0.859973054413077,0.736047223709348,0.692804565910114,0.659715786546456,0.94877591409675,0.693122066614431,0.94213480324154,0.739985227664106
"d__Bacteria--p__Proteobacteria--c__Deltaproteobacteria--o__Desulfovibrionales--f__Desulfovibrionaceae--g__Bilophila",0.915335264728371,0.900058352954353,0.767892486044446,0.820468413355453,0.94877591409675,0.964864622335289,0.9224676382307,0.955680834813607
"d__Bacteria--p__Proteobacteria--c__Gammaproteobacteria--o__Betaproteobacteriales--f__Burkholderiaceae--g__Parasutterella",0.37864598611519,0.384836078045007,0.429616853237597,0.444315104560994,0.623580886829129,0.568663779990902,0.48234441953674,0.31363588700806
"d__Bacteria--p__Proteobacteria--c__Alphaproteobacteria",0.655095210882267,0.639857622272695,0.624334955169326,0.506555957781312,0.855301292089393,0.678745012918443,0.832589932494211,0.800751702537584
"d__Bacteria--p__Firmicutes--c__Negativicutes--o__Selenomonadales--f__Acidaminococcaceae--g__Acidaminococcus",0.993059764925698,0.869355663744274,0.971593788948509,0.778827597714815,0.94877591409675,0.784475665170305,0.9224676382307,0.877879091730843
"d__Bacteria--p__Bacteroidetes--c__Bacteroidia--o__Bacteroidales--f__Barnesiellaceae",0.662629601818477,0.542608095750543,0.595218021084561,0.419564570548423,0.749922261816441,0.482586920638507,0.536604665485781,0.326880985282157
"d__Bacteria--p__Firmicutes--c__Clostridia--o__Clostridiales--f__Ruminococcaceae--g__Ruminiclostridium_5--s__uncultured_organism",0.814644892238888,0.308745992134109,0.692804565910114,0.339074563600224,0.907485396255182,0.196297527603193,0.837768464465458,0.210065255489436
"d__Bacteria--p__Firmicutes--c__Negativicutes--o__Selenomonadales--f__Acidaminococcaceae--g__Acidaminococcus--s__uncultured_organism",0.993059764925698,0.869355663744274,0.971773743239112,0.779755606849747,0.94877591409675,0.784475665170305,0.9224676382307,0.877879091730843
"d__Bacteria--p__Firmicutes--c__Clostridia--o__Clostridiales--f__Ruminococcaceae--g__Ruminococcaceae_UCG-002",0.993059764925698,0.743998593758669,0.948574476450962,0.698921851691543,0.982120528283545,0.712698711580463,0.974817410519866,0.692104516817238
"d__Bacteria--p__Firmicutes--c__Clostridia--o__Clostridiales--f__Ruminococcaceae--g__Ruminococcaceae_UCG-002--__",0.993059764925698,0.743998593758669,0.948574476450962,0.698921851691543,0.982120528283545,0.712698711580463,0.974817410519866,0.692104516817238
"d__Bacteria--p__Verrucomicrobia--c__Verrucomicrobiae--o__Verrucomicrobiales--f__Akkermansiaceae--g__Akkermansia--s__uncultured_bacterium",0.814644892238888,0.560325835668394,0.728491274813583,0.52605293816425,0.94877591409675,0.721807960463152,0.94213480324154,0.669286113694181
"d__Bacteria--p__Bacteroidetes--c__Bacteroidia--o__Bacteroidales--f__Barnesiellaceae--g__Barnesiella",0.517744850821231,0.355292922155171,0.510302265752177,0.283308048069396,0.555364084675072,0.375068755977474,0.39522695299267,0.236685933835359
"d__Bacteria--p__Bacteroidetes--c__Bacteroidia--o__Bacteroidales--f__Barnesiellaceae--g__Barnesiella--__",0.517744850821231,0.355541907053212,0.510302265752177,0.283308048069396,0.555364084675072,0.375068755977474,0.39522695299267,0.236685933835359
"d__Bacteria--p__Firmicutes--c__Negativicutes--o__Selenomonadales--f__Veillonellaceae--g__Megasphaera--__",0.67114666811,0.736047223709348,0.595218021084561,0.676634042526349,0.623580886829129,0.663026878237942,0.435053182171374,0.51993789835443
"d__Bacteria--p__Firmicutes--c__Clostridia--o__Clostridiales--f__Ruminococcaceae--g__UBA1819",0.993059764925698,0.869355663744274,0.948574476450962,0.778827597714815,0.94877591409675,0.880606201213199,0.974817410519866,0.995452655496735
"d__Bacteria--p__Firmicutes--c__Clostridia--o__Clostridiales--f__Ruminococcaceae--g__UBA1819--__",0.993059764925698,0.869355663744274,0.948574476450962,0.778827597714815,0.94877591409675,0.880606201213199,0.974817410519866,0.995452655496735
"d__Bacteria--p__Bacteroidetes--c__Bacteroidia--o__Bacteroidales--f__Marinifilaceae",0.257502310595756,0.0677588735598754,0.207713659490597,0.0828961825022325,0.406800620467254,0.236315880798362,0.48234441953674,0.326880985282157
"d__Bacteria--p__Firmicutes--c__Bacilli--o__Bacillales--f__Bacillaceae",0.867659589434613,0.783826297779966,0.915954318248487,0.778827597714815,0.94877591409675,0.690882331047478,0.94213480324154,0.751355278568583
"d__Bacteria--p__Actinobacteria--c__Actinobacteria--o__Micrococcales",0.903703808335602,0.283670942763047,0.929605072060731,0.283308048069396,0.982120528283545,0.204457275859849,0.974817410519866,0.36577871903548
"d__Bacteria--p__Firmicutes--c__Clostridia--o__Clostridiales--f__Family_XI",0.903703808335602,0.436801465475925,0.929605072060731,0.506555957781312,0.960893711465304,0.663026878237942,0.94213480324154,0.648785320288768
"d__Bacteria--p__Firmicutes--c__Clostridia--o__Clostridiales--f__Ruminococcaceae--g__Flavonifractor",0.814644892238888,0.773984728843074,0.76784966955755,0.778827597714815,0.94877591409675,0.941038520052736,0.94213480324154,0.877879091730843
"d__Bacteria--p__Firmicutes--c__Clostridia--o__Clostridiales--f__Ruminococcaceae--g__Flavonifractor--__",0.814644892238888,0.773984728843074,0.76784966955755,0.778827597714815,0.94877591409675,0.941038520052736,0.94213480324154,0.877879091730843
"d__Bacteria--p__Proteobacteria--c__Deltaproteobacteria--o__Desulfovibrionales--f__Desulfovibrionaceae--g__Bilophila--__",0.903703808335602,0.728917019895747,0.692804565910114,0.583925429640773,0.927489762121742,0.82988939102673,0.864885422506212,0.739985227664106
"d__Bacteria--p__Proteobacteria--c__Gammaproteobacteria--o__Betaproteobacteriales--f__Burkholderiaceae--g__Parasutterella--__",0.558868494282357,0.542608095750543,0.595218021084561,0.583925429640773,0.654128269696307,0.663026878237942,0.744561135254674,0.454326589069098
"d__Bacteria--p__Proteobacteria--c__Gammaproteobacteria--o__Betaproteobacteriales--f__Burkholderiaceae--g__Thiomonas",0.820280006731947,0.287254795838854,0.624334955169326,0.172915559324322,0.94877591409675,0.300476638545171,0.827016767918906,0.210065255489436
"d__Bacteria--p__Firmicutes--c__Clostridia--o__Clostridiales--f__Ruminococcaceae--g__Butyricicoccus",0.921405310748665,0.614243264340896,0.943128652896191,0.481851724961237,0.94877591409675,0.663026878237942,0.9224676382307,0.680280362614556
"d__Bacteria--p__Bacteroidetes--c__Bacteroidia--o__Bacteroidales--f__Marinifilaceae--g__Odoribacter",0.279404543441817,0.185752150016021,0.242271712762059,0.15618774884496,0.406800620467254,0.379537456640232,0.536604665485781,0.410163274922676
"d__Bacteria--p__Firmicutes--c__Clostridia--o__Clostridiales--f__Ruminococcaceae--g__Butyricicoccus--__",0.942180384632749,0.639857622272695,0.948574476450962,0.481851724961237,0.94877591409675,0.663026878237942,0.9224676382307,0.711862050898725
"d__Bacteria--p__Proteobacteria--c__Alphaproteobacteria--o__Rhizobiales",0.642194579199035,0.736047223709348,0.63716294774646,0.656529386387363,0.827826536156953,0.784475665170305,0.837768464465458,0.898417001000881
"d__Bacteria--p__Proteobacteria--c__Gammaproteobacteria--o__Betaproteobacteriales--f__Burkholderiaceae--g__Thiomonas--s__Thiomonas_sp._FB-Cd",0.642194579199035,0.412052235164738,0.552267014527971,0.283308048069396,0.804755791421785,0.375068755977474,0.536604665485781,0.210065255489436
"d__Bacteria--p__Firmicutes--c__Bacilli--o__Lactobacillales--f__Lactobacillaceae",0.859262632949134,0.640573781236765,0.728491274813583,0.583925429640773,0.94877591409675,0.693122066614431,0.94213480324154,0.677157784886589
"d__Bacteria--p__Firmicutes--c__Bacilli--o__Lactobacillales--f__Lactobacillaceae--g__Lactobacillus",0.859262632949134,0.652232383111997,0.736517024427977,0.583925429640773,0.94877591409675,0.693122066614431,0.94213480324154,0.648785320288768
"d__Bacteria--p__Firmicutes--c__Clostridia--o__Clostridiales--f__Lachnospiraceae--g__Lachnospiraceae_UCG-010",0.915335264728371,0.801675698588587,0.916503932531163,0.82133932173188,0.982120528283545,0.998630295631887,0.991959814461733,0.958318744689668
"d__Bacteria--p__Bacteroidetes--c__Bacteroidia--o__Bacteroidales--f__Muribaculaceae",0.571423839591592,0.549850022923722,0.510302265752177,0.409597173807142,0.856118934494008,0.663026878237942,0.806232106983391,0.565959207486402
"d__Bacteria--p__Proteobacteria--c__Deltaproteobacteria--o__Desulfovibrionales--f__Desulfovibrionaceae--g__Desulfovibrio",0.676588816155784,0.542608095750543,0.626639010258265,0.456552736098608,0.94877591409675,0.663026878237942,0.903272733944688,0.565959207486402
"d__Bacteria--p__Bacteroidetes--c__Bacteroidia--o__Bacteroidales--f__Prevotellaceae--g__Prevotella_7",0.859973054413077,0.561412186059462,0.792213634258449,0.49536688124211,0.94877591409675,0.663026878237942,0.9224676382307,0.627172971265215
"d__Bacteria--p__Actinobacteria--c__Actinobacteria--o__Actinomycetales",0.942180384632749,0.841957589057259,0.943128652896191,0.778827597714815,0.982120528283545,0.721807960463152,0.974817410519866,0.739985227664106
"d__Bacteria--p__Actinobacteria--c__Actinobacteria--o__Actinomycetales--f__Actinomycetaceae",0.942180384632749,0.841957589057259,0.943128652896191,0.778827597714815,0.982120528283545,0.721807960463152,0.974817410519866,0.739985227664106
"d__Bacteria--p__Firmicutes--c__Negativicutes--o__Selenomonadales--f__Acidaminococcaceae--g__Phascolarctobacterium--__",0.369216185106357,0.116232396219479,0.256913906818833,0.0812384458312378,0.406800620467254,0.114513981036324,0.39522695299267,0.210065255489436
"d__Bacteria--p__Firmicutes--c__Bacilli--o__Lactobacillales--f__Lactobacillaceae--g__Lactobacillus--__",0.942180384632749,0.736047223709348,0.943128652896191,0.709830661881292,0.982120528283545,0.784475665170305,0.979014626438772,0.739985227664106
"d__Bacteria--p__Proteobacteria--c__Gammaproteobacteria--o__Pseudomonadales",0.993059764925698,0.736047223709348,0.989803132481253,0.696687716377541,0.982120528283545,0.905090332197864,0.967645755779071,0.85832671842076
"d__Bacteria--p__Bacteroidetes--c__Bacteroidia--o__Bacteroidales--f__Prevotellaceae--g__Prevotella_7--__",0.859262632949134,0.577127710126671,0.76784966955755,0.49536688124211,0.927489762121742,0.663026878237942,0.917647270504764,0.627172971265215
"d__Bacteria--p__Actinobacteria--c__Actinobacteria--o__Micrococcales--f__Micrococcaceae",0.872486666240894,0.283670942763047,0.914145098599753,0.283308048069396,0.982120528283545,0.196297527603193,0.974817410519866,0.359156658689132
"d__Bacteria--p__Firmicutes--c__Clostridia--o__Clostridiales--f__Lachnospiraceae--g__Coprococcus_3",0.917245860079151,0.869355663744274,0.914145098599753,0.820468413355453,0.962626123330773,0.663026878237942,0.974817410519866,0.563991477765844
"d__Bacteria--p__Firmicutes--c__Clostridia--o__Clostridiales--f__Lachnospiraceae--g__Coprococcus_3--__",0.917245860079151,0.869355663744274,0.914145098599753,0.820468413355453,0.962626123330773,0.663026878237942,0.974817410519866,0.563991477765844
"d__Bacteria--p__Proteobacteria--c__Deltaproteobacteria--o__Desulfovibrionales--f__Desulfovibrionaceae--g__Bilophila--s__uncultured_delta_proteobacterium",0.993059764925698,0.718829168449063,0.948574476450962,0.618971108213337,0.981303178787663,0.678745012918443,0.967645755779071,0.692104516817238
"d__Bacteria--p__Actinobacteria--c__Actinobacteria--o__Micrococcales--f__Micrococcaceae--g__Rothia",0.712225753104823,0.283670942763047,0.728491274813583,0.283308048069396,0.94877591409675,0.196297527603193,0.974817410519866,0.359156658689132
"d__Bacteria--p__Actinobacteria--c__Actinobacteria--o__Micrococcales--f__Micrococcaceae--g__Rothia--__",0.712225753104823,0.283670942763047,0.728491274813583,0.283308048069396,0.94877591409675,0.196297527603193,0.974817410519866,0.359156658689132
"d__Bacteria--p__Firmicutes--c__Bacilli--o__Bacillales--f__Bacillaceae--g__Geobacillus",0.903703808335602,0.773984728843074,0.931162137789751,0.778827597714815,0.94877591409675,0.678745012918443,0.94213480324154,0.749837522462659
"d__Bacteria--p__Firmicutes--c__Bacilli--o__Bacillales--f__Bacillaceae--g__Geobacillus--__",0.903703808335602,0.773984728843074,0.931162137789751,0.778827597714815,0.94877591409675,0.678745012918443,0.94213480324154,0.749837522462659
"d__Bacteria--p__Firmicutes--c__Clostridia--o__Clostridiales--f__Christensenellaceae",0.915335264728371,0.841957589057259,0.933291324112109,0.778827597714815,0.94877591409675,0.941038520052736,0.967645755779071,0.859324428080888
"d__Bacteria--p__Firmicutes--c__Clostridia--o__Clostridiales--f__Christensenellaceae--g__Christensenellaceae_R-7_group",0.915335264728371,0.841957589057259,0.943128652896191,0.778827597714815,0.94877591409675,0.941038520052736,0.967645755779071,0.863756924793811
"d__Bacteria--p__Firmicutes--c__Clostridia--o__Clostridiales--f__Ruminococcaceae--g__Ruminococcaceae_UCG-005",0.903703808335602,0.652232383111997,0.728491274813583,0.492358125838216,0.94877591409675,0.663026878237942,0.759712694710285,0.426527171388108
"d__Bacteria--p__Firmicutes--c__Clostridia--o__Clostridiales--f__Ruminococcaceae--g__Ruminococcaceae_UCG-005--__",0.903703808335602,0.640573781236765,0.728491274813583,0.492358125838216,0.94877591409675,0.663026878237942,0.759712694710285,0.426097473258203
"d__Bacteria--p__Firmicutes--c__Clostridia--o__Clostridiales--f__Ruminococcaceae--g__Ruminiclostridium_9",0.774957273366378,0.292944298837545,0.63716294774646,0.268987281134001,0.94877591409675,0.375429227992583,0.917647270504764,0.471988630426763
"d__Bacteria--p__Firmicutes--c__Clostridia--o__Clostridiales--f__Ruminococcaceae--g__Ruminiclostridium_9--__",0.774957273366378,0.292944298837545,0.63716294774646,0.268987281134001,0.94877591409675,0.375429227992583,0.917647270504764,0.471988630426763
"d__Bacteria--p__Actinobacteria--c__Coriobacteriia--o__Coriobacteriales--f__Eggerthellaceae--g__Eggerthella",0.993059764925698,0.640573781236765,0.943128652896191,0.481851724961237,0.94877591409675,0.67294273511203,0.967645755779071,0.859324428080888
"d__Bacteria--p__Actinobacteria--c__Actinobacteria--o__Actinomycetales--f__Actinomycetaceae--g__Actinomyces",0.917245860079151,0.841957589057259,0.943128652896191,0.778827597714815,0.963844770167864,0.721807960463152,0.974817410519866,0.739985227664106
"d__Bacteria--p__Proteobacteria--c__Gammaproteobacteria--o__Pseudomonadales--f__Pseudomonadaceae",0.859262632949134,0.614243264340896,0.692804565910114,0.553357578544758,0.94877591409675,0.784475665170305,0.94213480324154,0.739985227664106
"d__Bacteria--p__Proteobacteria--c__Gammaproteobacteria--o__Pseudomonadales--f__Pseudomonadaceae--g__Pseudomonas",0.859262632949134,0.639857622272695,0.692804565910114,0.572077278633449,0.94877591409675,0.794465148541165,0.94213480324154,0.739985227664106
"d__Bacteria--p__Proteobacteria--c__Gammaproteobacteria--o__Pseudomonadales--f__Pseudomonadaceae--g__Pseudomonas--__",0.859262632949134,0.639857622272695,0.692804565910114,0.572077278633449,0.94877591409675,0.794465148541165,0.94213480324154,0.739985227664106
"d__Bacteria--p__Firmicutes--c__Erysipelotrichia--o__Erysipelotrichales--f__Erysipelotrichaceae--g__Holdemanella",0.369216185106357,0.283670942763047,0.429616853237597,0.283308048069396,0.578481786763381,0.406885077182951,0.715606968031754,0.51993789835443
"d__Bacteria--p__Bacteroidetes--c__Bacteroidia--o__Bacteroidales--f__Marinifilaceae--g__Odoribacter--__",0.369216185106357,0.147741422825575,0.305749794542836,0.0941298320584285,0.406800620467254,0.196297527603193,0.39522695299267,0.210065255489436
"d__Bacteria--p__Firmicutes--c__Bacilli--o__Bacillales--f__Family_XI",0.993059764925698,0.283670942763047,0.972828329038064,0.283308048069396,0.982120528283545,0.21080445315744,0.967645755779071,0.260981074876733
"d__Bacteria--p__Firmicutes--c__Bacilli--o__Bacillales--f__Family_XI--g__Gemella",0.993059764925698,0.283670942763047,0.972828329038064,0.283308048069396,0.982120528283545,0.21080445315744,0.967645755779071,0.260981074876733
"d__Bacteria--p__Firmicutes--c__Bacilli--o__Bacillales--f__Family_XI--g__Gemella--__",0.993059764925698,0.287316709231371,0.997373631844567,0.283308048069396,0.968084954061556,0.216054352441644,0.94213480324154,0.266703134785533
"d__Bacteria--p__Proteobacteria--c__Gammaproteobacteria--o__Betaproteobacteriales--f__Neisseriaceae",0.369216185106357,0.0937483251344644,0.510302265752177,0.15618774884496,0.804755791421785,0.195926951359003,0.837768464465458,0.210065255489436
"d__Bacteria--p__Actinobacteria--c__Actinobacteria--o__Actinomycetales--f__Actinomycetaceae--g__Actinomyces--__",0.915335264728371,0.841957589057259,0.923327003503585,0.778827597714815,0.94877591409675,0.712698711580463,0.974817410519866,0.739985227664106
"d__Bacteria--p__Proteobacteria--c__Gammaproteobacteria--o__Betaproteobacteriales--f__Neisseriaceae--g__Neisseria",0.400026594437928,0.0937483251344644,0.510302265752177,0.15618774884496,0.855301292089393,0.195926951359003,0.903272733944688,0.210065255489436
"d__Bacteria--p__Proteobacteria--c__Gammaproteobacteria--o__Betaproteobacteriales--f__Neisseriaceae--g__Neisseria--__",0.400026594437928,0.0937483251344644,0.510302265752177,0.15618774884496,0.855301292089393,0.195926951359003,0.903272733944688,0.210065255489436
"d__Bacteria--p__Actinobacteria--c__Coriobacteriia--o__Coriobacteriales--f__Eggerthellaceae--g__Slackia",0.814644892238888,0.320049274146765,0.692804565910114,0.283308048069396,0.927489762121742,0.375068755977474,0.94213480324154,0.563991477765844
"d__Bacteria--p__Proteobacteria--c__Gammaproteobacteria--o__Betaproteobacteriales--f__Burkholderiaceae--g__Parasutterella--s__uncultured_bacterium",0.915335264728371,0.7517205069664,0.914145098599753,0.689926523727295,0.94877591409675,0.678745012918443,0.804366317610628,0.516422095569753
"d__Bacteria--p__Firmicutes--c__Clostridia--o__Clostridiales--f__Ruminococcaceae--g__Negativibacillus",0.915335264728371,0.901355268717907,0.916503932531163,0.884377086193805,0.94877591409675,0.960579367966857,0.974817410519866,0.85832671842076
"d__Bacteria--p__Firmicutes--c__Clostridia--o__Clostridiales--f__Lachnospiraceae--g__Sellimonas",0.903703808335602,0.753292133584509,0.914145098599753,0.709830661881292,0.94877591409675,0.787753585382046,0.94213480324154,0.711862050898725
"d__Bacteria--p__Firmicutes--c__Clostridia--o__Clostridiales--f__Christensenellaceae--g__Christensenellaceae_R-7_group--__",0.993059764925698,0.753292133584509,0.997373631844567,0.709830661881292,0.968084954061556,0.819107485377177,0.977500347123259,0.750485280044082
"d__Bacteria--p__Firmicutes--c__Clostridia--o__Clostridiales--f__Lachnospiraceae--g__Coprococcus_1",0.942180384632749,0.719903035081142,0.948574476450962,0.649096654598709,0.94877591409675,0.984692692095948,0.903272733944688,0.914825069272863
"d__Bacteria--p__Firmicutes--c__Clostridia--o__Clostridiales--f__Lachnospiraceae--g__Coprococcus_1--__",0.942180384632749,0.719903035081142,0.948574476450962,0.649096654598709,0.94877591409675,0.984692692095948,0.903272733944688,0.914825069272863
"d__Bacteria--p__Firmicutes--c__Bacilli--o__Lactobacillales--__",0.993059764925698,0.728917019895747,0.969007959568816,0.656529386387363,0.94877591409675,0.663026878237942,0.974817410519866,0.711862050898725
"d__Bacteria--p__Firmicutes--c__Bacilli--o__Lactobacillales--__--__",0.993059764925698,0.728917019895747,0.969007959568816,0.656529386387363,0.94877591409675,0.663026878237942,0.974817410519866,0.711862050898725
"d__Bacteria--p__Firmicutes--c__Bacilli--o__Lactobacillales--__--__--__",0.993059764925698,0.728917019895747,0.969007959568816,0.656529386387363,0.94877591409675,0.663026878237942,0.974817410519866,0.711862050898725
"d__Bacteria--p__Bacteroidetes--c__Bacteroidia--o__Bacteroidales--f__Prevotellaceae--g__Paraprevotella",0.610079702037279,0.549850022923722,0.562263910395376,0.481851724961237,0.94877591409675,0.678745012918443,0.94213480324154,0.800751702537584
"d__Bacteria--p__Firmicutes--c__Clostridia--o__Clostridiales--f__Ruminococcaceae--g__Ruminococcaceae_NK4A214_group",0.479369508317712,0.283670942763047,0.510302265752177,0.237847232021861,0.459009988746804,0.202621815889427,0.39522695299267,0.210065255489436
"d__Bacteria--p__Firmicutes--c__Clostridia--o__Clostridiales--f__Ruminococcaceae--g__Ruminococcaceae_NK4A214_group--__",0.479369508317712,0.283670942763047,0.510302265752177,0.237847232021861,0.459009988746804,0.202621815889427,0.39522695299267,0.210065255489436
"d__Bacteria--p__Actinobacteria--c__Actinobacteria--o__Propionibacteriales",0.517744850821231,0.728917019895747,0.524109770601009,0.52605293816425,0.94877591409675,0.663026878237942,0.974817410519866,0.627172971265215
"d__Bacteria--p__Firmicutes--c__Clostridia--o__Clostridiales--f__Lachnospiraceae--g__Lachnospiraceae_UCG-010--__",0.814644892238888,0.640573781236765,0.81053470726188,0.678535646930286,0.94877591409675,0.803984655741837,0.94213480324154,0.800751702537584
"d__Bacteria--p__Actinobacteria--c__Actinobacteria--o__Propionibacteriales--f__Propionibacteriaceae",0.465858693071329,0.736047223709348,0.510302265752177,0.54892440845049,0.94877591409675,0.663026878237942,0.974817410519866,0.622054828622539
"d__Bacteria--p__Actinobacteria--c__Actinobacteria--o__Propionibacteriales--f__Propionibacteriaceae--g__Cutibacterium",0.493028435408383,0.728917019895747,0.510302265752177,0.52605293816425,0.94877591409675,0.663026878237942,0.98944600021707,0.609038399641483
"d__Bacteria--p__Actinobacteria--c__Actinobacteria--o__Propionibacteriales--f__Propionibacteriaceae--g__Cutibacterium--__",0.493028435408383,0.728917019895747,0.510302265752177,0.532333499738675,0.94877591409675,0.663026878237942,0.98944600021707,0.609038399641483
"d__Bacteria--p__Firmicutes--c__Clostridia--o__Clostridiales--f__Lachnospiraceae--g__Lachnospira",0.993059764925698,0.743105781641111,0.948574476450962,0.583925429640773,0.962626123330773,0.690882331047478,0.974817410519866,0.877879091730843
"d__Bacteria--p__Firmicutes--c__Clostridia--o__Clostridiales--f__Lachnospiraceae--g__Lachnospira--__",0.993059764925698,0.743105781641111,0.948574476450962,0.583925429640773,0.962626123330773,0.690882331047478,0.974817410519866,0.877879091730843
"d__Bacteria--p__Actinobacteria--c__Coriobacteriia--o__Coriobacteriales--f__Eggerthellaceae--g__Eggerthella--__",0.993059764925698,0.841957589057259,0.989803132481253,0.778827597714815,0.962626123330773,0.965982511566446,0.974817410519866,0.915121802173865
"d__Bacteria--p__Firmicutes--c__Clostridia--o__Clostridiales--f__Ruminococcaceae--g__Ruminococcus_2",0.878882403567746,0.608373815714283,0.728491274813583,0.481851724961237,0.94877591409675,0.678745012918443,0.917647270504764,0.556082752184183
"d__Bacteria--p__Firmicutes--c__Clostridia--o__Clostridiales--f__Ruminococcaceae--g__Ruminococcus_2--__",0.878882403567746,0.608373815714283,0.728491274813583,0.481851724961237,0.94877591409675,0.678745012918443,0.917647270504764,0.556082752184183
"d__Bacteria--p__Firmicutes--c__Erysipelotrichia--o__Erysipelotrichales--f__Erysipelotrichaceae--g__Clostridium_innocuum_group",0.942180384632749,0.736047223709348,0.943128652896191,0.689926523727295,0.978510399644572,0.745072747796388,0.974817410519866,0.800751702537584
"d__Bacteria--p__Firmicutes--c__Erysipelotrichia--o__Erysipelotrichales--f__Erysipelotrichaceae--g__Clostridium_innocuum_group--__",0.942180384632749,0.736047223709348,0.943128652896191,0.689926523727295,0.978510399644572,0.745072747796388,0.974817410519866,0.800751702537584
"d__Bacteria--p__Firmicutes--c__Clostridia--o__Clostridiales--f__Ruminococcaceae--g__Negativibacillus--__",0.917245860079151,0.965269462144989,0.916503932531163,0.902918154706234,0.94877591409675,0.988568640363634,0.974817410519866,0.905875179206448
"d__Bacteria--p__Firmicutes--c__Clostridia--o__Clostridiales--f__Family_XIII",0.304003748740296,0.728917019895747,0.242271712762059,0.709830661881292,0.459009988746804,0.964864622335289,0.555978160767264,0.905875179206448
"d__Bacteria--p__Actinobacteria--c__Actinobacteria--o__Corynebacteriales",0.903703808335602,0.652529342967401,0.916503932531163,0.656529386387363,0.94877591409675,0.678745012918443,0.967645755779071,0.609038399641483
"d__Bacteria--p__Firmicutes--c__Clostridia--o__Clostridiales--f__Ruminococcaceae--g__Ruminococcaceae_UCG-004",0.921405310748665,0.753292133584509,0.914145098599753,0.809757632936375,0.94877591409675,0.941038520052736,0.974817410519866,0.898417001000881
"d__Bacteria--p__Proteobacteria--__",0.909763698966694,0.869355663744274,0.914145098599753,0.82133932173188,0.94877591409675,0.880606201213199,0.94213480324154,0.739985227664106
"d__Bacteria--p__Proteobacteria--__--__",0.909763698966694,0.869355663744274,0.914145098599753,0.82133932173188,0.94877591409675,0.880606201213199,0.94213480324154,0.739985227664106
"d__Bacteria--p__Proteobacteria--__--__--__",0.909763698966694,0.869355663744274,0.914145098599753,0.82133932173188,0.94877591409675,0.880606201213199,0.94213480324154,0.739985227664106
"d__Bacteria--p__Proteobacteria--__--__--__--__",0.909763698966694,0.869355663744274,0.914145098599753,0.82133932173188,0.94877591409675,0.880606201213199,0.94213480324154,0.739985227664106
"d__Bacteria--p__Proteobacteria--__--__--__--__--__",0.909763698966694,0.869355663744274,0.914145098599753,0.82133932173188,0.94877591409675,0.880606201213199,0.94213480324154,0.739985227664106
"d__Bacteria--p__Cyanobacteria",0.938785162314578,0.640573781236765,0.916503932531163,0.565278635646529,0.94877591409675,0.678745012918443,0.94213480324154,0.631013447443087
"d__Bacteria--p__Bacteroidetes--c__Bacteroidia--o__Bacteroidales--f__Prevotellaceae--g__Paraprevotella--__",0.820280006731947,0.560325835668394,0.728491274813583,0.492358125838216,0.94877591409675,0.678745012918443,0.974817410519866,0.780176999235635
"d__Bacteria--p__Proteobacteria--c__Alphaproteobacteria--o__Rhizobiales--f__Beijerinckiaceae",0.903703808335602,0.753292133584509,0.75789464165232,0.710590800641926,0.94877591409675,0.811922256048908,0.9224676382307,0.877879091730843
"d__Bacteria--p__Firmicutes--c__Clostridia--o__Clostridiales--f__Ruminococcaceae--g__Ruminococcaceae_UCG-004--s__uncultured_bacterium",0.938785162314578,0.769112934497688,0.914145098599753,0.863896507074906,0.94877591409675,0.941038520052736,0.974817410519866,0.899108544016602
"d__Bacteria--p__Proteobacteria--c__Alphaproteobacteria--o__Rhizobiales--f__Beijerinckiaceae--g__Methylobacterium",0.903703808335602,0.753292133584509,0.76784966955755,0.709830661881292,0.94877591409675,0.941038520052736,0.9224676382307,0.968136933466125
"d__Bacteria--p__Proteobacteria--c__Alphaproteobacteria--o__Rhizobiales--f__Beijerinckiaceae--g__Methylobacterium--__",0.903703808335602,0.753292133584509,0.76784966955755,0.709830661881292,0.94877591409675,0.941038520052736,0.9224676382307,0.968136933466125
"d__Bacteria--p__Proteobacteria--c__Gammaproteobacteria--o__Betaproteobacteriales--f__Burkholderiaceae--__",0.448920350610237,0.652529342967401,0.510302265752177,0.49536688124211,0.655057031721079,0.76398713072526,0.837768464465458,0.750485280044082
"d__Bacteria--p__Proteobacteria--c__Gammaproteobacteria--o__Betaproteobacteriales--f__Burkholderiaceae--__--__",0.448920350610237,0.652529342967401,0.510302265752177,0.49536688124211,0.655057031721079,0.76398713072526,0.837768464465458,0.750485280044082
"d__Bacteria--p__Firmicutes--c__Clostridia--o__Clostridiales--f__Ruminococcaceae--g__Ruminococcaceae_UCG-003",0.859973054413077,0.94495409977669,0.948574476450962,0.902918154706234,0.94877591409675,0.905090332197864,0.967645755779071,0.995452655496735
"d__Bacteria--p__Firmicutes--c__Clostridia--o__Clostridiales--f__Ruminococcaceae--g__Ruminococcaceae_UCG-003--__",0.859973054413077,0.94495409977669,0.948574476450962,0.902918154706234,0.94877591409675,0.905090332197864,0.967645755779071,0.995452655496735
"d__Bacteria--p__Proteobacteria--c__Alphaproteobacteria--o__Rhodospirillales",0.917245860079151,0.953197892817448,0.79349214141934,0.820468413355453,0.94877591409675,0.983725251039986,0.94213480324154,0.946668272041007
"d__Bacteria--p__Proteobacteria--c__Alphaproteobacteria--o__Rhodospirillales--f__uncultured",0.917245860079151,0.953197892817448,0.79349214141934,0.820468413355453,0.94877591409675,0.983725251039986,0.94213480324154,0.946668272041007
"d__Bacteria--p__Firmicutes--c__Clostridia--o__Clostridiales--f__Ruminococcaceae--g__Eubacterium_coprostanoligenes_group",0.361075055298805,0.283670942763047,0.357471308762812,0.283308048069396,0.654128269696307,0.424456582366398,0.64705253763068,0.356779174541133
"d__Bacteria--p__Firmicutes--c__Clostridia--o__Clostridiales--f__Lachnospiraceae--g__Sellimonas--__",0.915335264728371,0.753292133584509,0.969007959568816,0.778827597714815,0.94877591409675,0.773259441270615,0.94213480324154,0.673150037125941
"d__Bacteria--p__Actinobacteria--c__Coriobacteriia--o__Coriobacteriales--f__Eggerthellaceae--__",0.903703808335602,0.773984728843074,0.914145098599753,0.778827597714815,0.94877591409675,0.76398713072526,0.94213480324154,0.692104516817238
"d__Bacteria--p__Actinobacteria--c__Coriobacteriia--o__Coriobacteriales--f__Eggerthellaceae--__--__",0.903703808335602,0.773984728843074,0.914145098599753,0.778827597714815,0.94877591409675,0.76398713072526,0.94213480324154,0.692104516817238
"d__Bacteria--p__Cyanobacteria--c__Melainabacteria",0.938785162314578,0.608373815714283,0.916503932531163,0.492358125838216,0.94877591409675,0.663026878237942,0.94213480324154,0.609038399641483
"d__Bacteria--p__Bacteroidetes--c__Bacteroidia--o__Flavobacteriales",0.878882403567746,0.719903035081142,0.81053470726188,0.698921851691543,0.94877591409675,0.678745012918443,0.94213480324154,0.800751702537584
"d__Bacteria--p__Firmicutes--c__Clostridia--o__Clostridiales--f__Ruminococcaceae--g__Ruminococcaceae_UCG-014",0.690836932612636,0.753292133584509,0.692804565910114,0.778827597714815,0.94877591409675,0.916265913697373,0.94213480324154,0.969225682518338
"d__Bacteria--p__Firmicutes--c__Clostridia--o__Clostridiales--f__Ruminococcaceae--g__DTU089",0.814644892238888,0.773984728843074,0.76784966955755,0.778827597714815,0.94877591409675,0.988568640363634,0.974817410519866,0.898417001000881
"d__Bacteria--p__Firmicutes--c__Clostridia--o__Clostridiales--f__Ruminococcaceae--g__DTU089--__",0.814644892238888,0.773984728843074,0.76784966955755,0.778827597714815,0.94877591409675,0.984692692095948,0.974817410519866,0.898417001000881
"d__Bacteria--p__Firmicutes--c__Clostridia--o__Clostridiales--f__Ruminococcaceae--g__Ruminococcaceae_UCG-014--__",0.690836932612636,0.728917019895747,0.694920288585999,0.709830661881292,0.94877591409675,0.811922256048908,0.94213480324154,0.877879091730843
"d__Bacteria--p__Firmicutes--c__Negativicutes--o__Selenomonadales--f__Veillonellaceae--g__Veillonella--s__Veillonella_atypica",0.993059764925698,0.929999100767654,0.98187369357347,0.991877761082066,0.94877591409675,0.784475665170305,0.917647270504764,0.739985227664106
"d__Bacteria--p__Bacteroidetes--c__Bacteroidia--o__Bacteroidales--f__Barnesiellaceae--g__Coprobacter",0.354665645861496,0.287316709231371,0.358844977182231,0.350668289971359,0.406800620467254,0.300476638545171,0.536604665485781,0.410163274922676
"d__Bacteria--p__Bacteroidetes--c__Bacteroidia--o__Bacteroidales--f__Marinifilaceae--g__Odoribacter--s__gut_metagenome",0.993059764925698,0.718829168449063,0.948574476450962,0.656529386387363,0.94877591409675,0.663026878237942,0.837768464465458,0.454326589069098
"d__Bacteria--p__Bacteroidetes--c__Bacteroidia--o__Bacteroidales--f__Marinifilaceae--g__Butyricimonas",0.448920350610237,0.317694585627853,0.514548704953511,0.446369530084682,0.654128269696307,0.650583060526621,0.837768464465458,0.631013447443087
"d__Bacteria--p__Firmicutes--c__Negativicutes--o__Selenomonadales--f__Veillonellaceae--g__uncultured",0.465858693071329,0.688144009898152,0.510302265752177,0.656529386387363,0.406800620467254,0.556424092198611,0.279012383175234,0.410163274922676
"d__Bacteria--p__Firmicutes--c__Negativicutes--o__Selenomonadales--f__Veillonellaceae--g__uncultured--s__uncultured_organism",0.465858693071329,0.688144009898152,0.510302265752177,0.656529386387363,0.406800620467254,0.556424092198611,0.279012383175234,0.410163274922676
"d__Bacteria--p__Bacteroidetes--c__Bacteroidia--o__Bacteroidales--f__Porphyromonadaceae",0.859973054413077,0.753292133584509,0.916503932531163,0.809757632936375,0.982120528283545,0.964864622335289,0.974817410519866,0.893409134083162
"d__Bacteria--p__Bacteroidetes--c__Bacteroidia--o__Bacteroidales--f__Porphyromonadaceae--g__Porphyromonas",0.859973054413077,0.753292133584509,0.916503932531163,0.809757632936375,0.982120528283545,0.964864622335289,0.974817410519866,0.893409134083162
"d__Bacteria--p__Actinobacteria--c__Coriobacteriia--o__Coriobacteriales--f__Eggerthellaceae--g__Eggerthella--s__uncultured_bacterium",0.942180384632749,0.652529342967401,0.914145098599753,0.481851724961237,0.94877591409675,0.663026878237942,0.94213480324154,0.863756924793811
"d__Bacteria--p__Firmicutes--c__Erysipelotrichia--o__Erysipelotrichales--f__Erysipelotrichaceae--g__Faecalitalea",0.557038957044197,0.577127710126671,0.626639010258265,0.649096654598709,0.94877591409675,0.784475665170305,0.917647270504764,0.792202131727337
"d__Bacteria--p__Bacteroidetes--c__Bacteroidia--o__Bacteroidales--f__Marinifilaceae--g__Butyricimonas--__",0.658966186259615,0.352320386562007,0.692804565910114,0.458399149423033,0.830373891670765,0.663026878237942,0.921037285902532,0.648785320288768
"d__Bacteria--p__Actinobacteria--c__Coriobacteriia--o__Coriobacteriales--f__Eggerthellaceae--g__Slackia--__",0.942180384632749,0.640573781236765,0.969007959568816,0.583925429640773,0.94877591409675,0.690882331047478,0.837768464465458,0.85655779662135
"d__Bacteria--p__Firmicutes--c__Clostridia--o__Clostridiales--f__Peptococcaceae",0.993059764925698,0.73983992504672,0.948574476450962,0.619906011336457,0.94877591409675,0.67294273511203,0.903272733944688,0.563991477765844
"d__Bacteria--p__Firmicutes--c__Clostridia--o__Clostridiales--f__Christensenellaceae--g__Christensenellaceae_R-7_group--s__uncultured_prokaryote",0.369216185106357,0.30188364332171,0.429616853237597,0.283308048069396,0.631608059518578,0.431929862656512,0.691676710879827,0.513667533556772
"d__Bacteria--p__Actinobacteria--c__Coriobacteriia--o__Coriobacteriales--f__Atopobiaceae",0.915335264728371,0.632226351672037,0.914145098599753,0.554235632516448,0.94877591409675,0.745072747796388,0.967645755779071,0.862798746850352
"d__Bacteria--p__Patescibacteria",0.993059764925698,0.835522356383582,0.98187369357347,0.778827597714815,0.982120528283545,0.721807960463152,0.94213480324154,0.646380629415491
"d__Bacteria--p__Patescibacteria--c__Saccharimonadia",0.993059764925698,0.805830595059194,0.997373631844567,0.777927100784802,0.94877591409675,0.693122066614431,0.94213480324154,0.621923305356105
"d__Bacteria--p__Patescibacteria--c__Saccharimonadia--o__Saccharimonadales",0.993059764925698,0.805830595059194,0.997373631844567,0.777927100784802,0.94877591409675,0.693122066614431,0.94213480324154,0.621923305356105
"d__Bacteria--p__Proteobacteria--c__Alphaproteobacteria--o__Acetobacterales",0.993059764925698,0.753292133584509,0.98187369357347,0.778827597714815,0.94877591409675,0.784475665170305,0.94213480324154,0.739985227664106
"d__Bacteria--p__Proteobacteria--c__Alphaproteobacteria--o__Acetobacterales--f__Acetobacteraceae",0.993059764925698,0.753292133584509,0.98187369357347,0.778827597714815,0.94877591409675,0.784475665170305,0.94213480324154,0.739985227664106
"d__Bacteria--p__Firmicutes--c__Erysipelotrichia--o__Erysipelotrichales--f__Erysipelotrichaceae--g__Candidatus_Stoquefichus",0.987458900826982,0.753292133584509,0.971773743239112,0.778827597714815,0.94877591409675,0.745072747796388,0.94213480324154,0.739985227664106
"d__Bacteria--p__Actinobacteria--c__Coriobacteriia--o__Coriobacteriales--f__Eggerthellaceae--g__Adlercreutzia",0.993059764925698,0.841957589057259,0.948574476450962,0.777927100784802,0.94877591409675,0.678745012918443,0.917647270504764,0.609038399641483
"d__Bacteria--p__Actinobacteria--c__Coriobacteriia--o__Coriobacteriales--f__Eggerthellaceae--g__Adlercreutzia--s__uncultured_bacterium",0.993059764925698,0.841957589057259,0.948574476450962,0.777927100784802,0.94877591409675,0.678745012918443,0.917647270504764,0.609038399641483
"d__Bacteria--p__Firmicutes--c__Clostridia--o__Clostridiales--f__Ruminococcaceae--g__Ruminococcus_1",0.993059764925698,0.869355663744274,0.948574476450962,0.778827597714815,0.978510399644572,0.941038520052736,0.94213480324154,0.800256616315434
"d__Bacteria--p__Firmicutes--c__Erysipelotrichia--o__Erysipelotrichales--f__Erysipelotrichaceae--g__Candidatus_Stoquefichus--__",0.981880675660655,0.753292133584509,0.971593788948509,0.778827597714815,0.94877591409675,0.745072747796388,0.94213480324154,0.739985227664106
"d__Bacteria--p__Actinobacteria--c__Actinobacteria--__",0.517744850821231,0.773984728843074,0.524634760798373,0.778827597714815,0.804755791421785,0.941038520052736,0.691676710879827,0.877879091730843
"d__Bacteria--p__Actinobacteria--c__Actinobacteria--__--__",0.517744850821231,0.773984728843074,0.524634760798373,0.778827597714815,0.804755791421785,0.941038520052736,0.691676710879827,0.877879091730843
"d__Bacteria--p__Actinobacteria--c__Actinobacteria--__--__--__",0.517744850821231,0.773984728843074,0.524634760798373,0.778827597714815,0.804755791421785,0.941038520052736,0.691676710879827,0.877879091730843
"d__Bacteria--p__Actinobacteria--c__Actinobacteria--__--__--__--__",0.517744850821231,0.773984728843074,0.524634760798373,0.778827597714815,0.804755791421785,0.941038520052736,0.691676710879827,0.877879091730843
"d__Bacteria--p__Firmicutes--c__Clostridia--o__Clostridiales--f__Ruminococcaceae--g__Anaerotruncus",0.814644892238888,0.901355268717907,0.728491274813583,0.976082606413815,0.94877591409675,0.941038520052736,0.90241336191566,0.81653192314403
"d__Bacteria--p__Firmicutes--c__Clostridia--o__Clostridiales--f__Ruminococcaceae--g__Ruminococcaceae_UCG-013",0.993059764925698,0.869355663744274,0.981952969638911,0.82133932173188,0.94877591409675,0.983725251039986,0.988938246110272,0.995452655496735
"d__Bacteria--p__Actinobacteria--c__Actinobacteria--o__Corynebacteriales--f__Nocardiaceae",0.993059764925698,0.728917019895747,0.971593788948509,0.687427365075659,0.94877591409675,0.706277737304915,0.967645755779071,0.692104516817238
"d__Bacteria--p__Firmicutes--c__Clostridia--o__Clostridiales--f__Ruminococcaceae--g__Ruminococcus_1--__",0.942180384632749,0.841957589057259,0.916503932531163,0.778827597714815,0.94877591409675,0.941038520052736,0.924084962929255,0.792202131727337
"d__Bacteria--p__Actinobacteria--c__Coriobacteriia--o__Coriobacteriales--f__Atopobiaceae--g__Atopobium",0.942180384632749,0.821481941671895,0.916503932531163,0.778827597714815,0.978510399644572,0.982898660337453,0.974817410519866,0.859324428080888
"d__Bacteria--p__Actinobacteria--c__Coriobacteriia--o__Coriobacteriales--f__Atopobiaceae--g__Atopobium--__",0.942180384632749,0.821481941671895,0.916503932531163,0.778827597714815,0.978510399644572,0.982898660337453,0.974817410519866,0.859324428080888
"d__Bacteria--p__Firmicutes--c__Clostridia--o__Clostridiales--f__Ruminococcaceae--g__uncultured",0.903703808335602,0.673862702872084,0.916503932531163,0.492358125838216,0.94877591409675,0.663026878237942,0.974817410519866,0.807784401428271
"d__Bacteria--p__Firmicutes--c__Clostridia--o__Clostridiales--f__Ruminococcaceae--g__Anaerotruncus--__",0.814644892238888,0.883500132057911,0.728491274813583,0.934027769268094,0.94877591409675,0.964864622335289,0.884835784497071,0.858430402280301
"d__Bacteria--p__Patescibacteria--c__Saccharimonadia--o__Saccharimonadales--f__Saccharimonadaceae",0.942180384632749,0.869355663744274,0.943128652896191,0.778827597714815,0.982120528283545,0.721807960463152,0.974817410519866,0.665957545587163
"d__Bacteria--p__Firmicutes--c__Clostridia--o__Clostridiales--f__Ruminococcaceae--g__Ruminiclostridium_5--__",0.554673944166966,0.639857622272695,0.531303067386599,0.602947216928146,0.94877591409675,0.870055866463552,0.832589932494211,0.653253704930432
"d__Bacteria--p__Firmicutes--c__Clostridia--o__Clostridiales--f__Ruminococcaceae--g__Ruminococcaceae_UCG-013--__",0.993059764925698,0.951982212430879,0.989803132481253,0.991877761082066,0.94877591409675,0.870055866463552,0.974817410519866,0.859324428080888
"d__Bacteria--p__Firmicutes--c__Clostridia--o__Clostridiales--f__Family_XIII--g__Eubacterium_nodatum_group",0.294531141441339,0.652232383111997,0.305749794542836,0.709568957976507,0.654128269696307,0.965982511566446,0.832589932494211,0.977585627591685
"d__Bacteria--p__Patescibacteria--c__Saccharimonadia--o__Saccharimonadales--f__Saccharimonadaceae--__",0.942180384632749,0.852873155228662,0.9440659564912,0.778827597714815,0.982120528283545,0.690882331047478,0.974817410519866,0.609038399641483
"d__Bacteria--p__Patescibacteria--c__Saccharimonadia--o__Saccharimonadales--f__Saccharimonadaceae--__--__",0.942180384632749,0.852873155228662,0.9440659564912,0.778827597714815,0.982120528283545,0.690882331047478,0.974817410519866,0.609038399641483
"d__Bacteria--p__Firmicutes--c__Negativicutes--o__Selenomonadales--f__Veillonellaceae--g__Allisonella",0.621509861016203,0.283670942763047,0.552267014527971,0.176384810648123,0.94877591409675,0.435280454436762,0.967645755779071,0.609038399641483
"d__Bacteria--p__Firmicutes--c__Negativicutes--o__Selenomonadales--f__Veillonellaceae--g__Allisonella--s__uncultured_bacterium",0.621509861016203,0.283670942763047,0.552267014527971,0.176384810648123,0.94877591409675,0.435280454436762,0.967645755779071,0.609038399641483
"d__Bacteria--p__Firmicutes--c__Erysipelotrichia--o__Erysipelotrichales--f__Erysipelotrichaceae--g__Faecalitalea--__",0.921405310748665,0.760796314278448,0.936006945558996,0.778827597714815,0.94877591409675,0.784475665170305,0.94213480324154,0.832867304820804
"d__Bacteria--p__Firmicutes--c__Erysipelotrichia--o__Erysipelotrichales--f__Erysipelotrichaceae--g__Holdemania",0.966801803884208,0.753292133584509,0.989803132481253,0.687427365075659,0.94877591409675,0.744556712493918,0.974817410519866,0.565959207486402
"d__Bacteria--p__Firmicutes--c__Clostridia--o__Clostridiales--f__Family_XIII--g__Family_XIII_AD3011_group",0.58679056583653,0.753292133584509,0.510302265752177,0.778827597714815,0.804755791421785,0.690882331047478,0.691676710879827,0.739985227664106
"d__Bacteria--p__Firmicutes--c__Erysipelotrichia--o__Erysipelotrichales--f__Erysipelotrichaceae--g__Holdemania--s__uncultured_bacterium",0.993059764925698,0.608373815714283,0.98187369357347,0.456552736098608,0.982120528283545,0.663026878237942,0.974817410519866,0.565959207486402
"d__Bacteria--p__Firmicutes--c__Clostridia--o__Clostridiales--f__Peptococcaceae--g__Peptococcus",0.369216185106357,0.308745992134109,0.358844977182231,0.283308048069396,0.406800620467254,0.375068755977474,0.39522695299267,0.326880985282157
"d__Bacteria--p__Firmicutes--c__Clostridia--o__Clostridiales--f__Ruminococcaceae--g__Eubacterium_coprostanoligenes_group--__",0.369216185106357,0.384836078045007,0.335535300313883,0.341373242045325,0.907485396255182,0.663026878237942,0.832589932494211,0.496944916305147
"d__Bacteria--p__Firmicutes--c__Clostridia--o__Clostridiales--f__Ruminococcaceae--g__uncultured--s__human_gut_metagenome",0.942180384632749,0.903678438589938,0.971593788948509,0.892137037925739,0.94877591409675,0.961070064540078,0.974817410519866,0.995452655496735
"d__Bacteria--p__Firmicutes--c__Clostridia--o__Clostridiales--f__Family_XIII--__",0.517744850821231,0.581545088953904,0.514548704953511,0.492358125838216,0.804755791421785,0.663026878237942,0.76775411658113,0.609038399641483
"d__Bacteria--p__Firmicutes--c__Clostridia--o__Clostridiales--f__Family_XIII--__--__",0.517744850821231,0.581545088953904,0.514548704953511,0.492358125838216,0.804755791421785,0.663026878237942,0.76775411658113,0.609038399641483
"d__Bacteria--p__Firmicutes--c__Clostridia--o__Clostridiales--f__Family_XIII--g__Family_XIII_AD3011_group--__",0.942180384632749,0.560325835668394,0.943128652896191,0.49536688124211,0.94877591409675,0.482586920638507,0.94213480324154,0.406483943524134
"d__Bacteria--p__Cyanobacteria--c__Melainabacteria--o__Obscuribacterales",0.820280006731947,0.841957589057259,0.694920288585999,0.806965286562506,0.94877591409675,0.941038520052736,0.967645755779071,0.995452655496735
